date,bitcoin_price,ethereum_price,cardano_price,binancecoin_price,solana_price,ripple_price,polkadot_price,dogecoin_price,avalanche-2_price,shiba-inu_price,spy_price,bitcoin_price_EMA20,ethereum_price_EMA20,cardano_price_EMA20,binancecoin_price_EMA20,solana_price_EMA20,ripple_price_EMA20,polkadot_price_EMA20,dogecoin_price_EMA20,avalanche-2_price_EMA20,shiba-inu_price_EMA20,spy_EMA20
2023-01-02,1.0,1.0,0.25,244.06,1.0,1.0,4.37,0.07,10.86,0.0,1.0,1.0,1.0,0.25,244.06,1.0,1.0,4.37,0.07,10.86,0.0,1.0
2023-01-03,1.003512885495099,1.011427048456682,0.25,245.43,1.1303911735205616,1.0294117647058822,4.49,0.07,11.15,0.0,1.0,1.0003345605233427,1.0010882903292078,0.25,244.1904761904762,1.0124182070019583,1.0028011204481793,4.381428571428572,0.07,10.887619047619047,0.0,1.0
2023-01-04,1.0037120914397415,1.0117435410524211,0.25,246.21,1.3400200601805414,1.0,4.53,0.07,11.39,0.0,0.9984857931771621,1.0006562301344284,1.002103076112371,0.25,244.38281179138323,1.0436183834951567,1.0025343470721622,4.395578231292517,0.07,10.93546485260771,0.0,0.9998557898263964
2023-01-05,1.0143957891113187,1.0464577815534788,0.27,259.13,1.350050150451354,1.0294117647058822,4.63,0.07,12.08,0.0,1.0031887414269172,1.0019647595607988,1.0063273337734289,0.2519047619047619,245.7873059064896,1.0728023613005089,1.0050941011325163,4.417904114026563,0.07,11.044468199978406,0.0,1.0001732137883508
2023-01-06,1.0130073658053065,1.0417520363799908,0.27,256.47,1.3480441323971915,1.0,4.62,0.07,11.75,0.0,1.0041328939164513,1.00301643634599,1.0097011149740538,0.2536281179138322,246.8047053439668,1.0990158633097167,1.004608948643705,4.437151341262129,0.07,11.111661704742367,0.0,1.0005503261815032
2023-01-07,1.0207186219041078,1.0577765562274082,0.28,259.8,1.3560682046138415,1.0294117647058822,4.69,0.07,11.78,0.0,1.0041328939164513,1.0047023587800963,1.0142797284267542,0.25613972573156246,248.04235245406517,1.1234970386720142,1.0069711216020076,4.461232165903831,0.07,11.17531297095738,0.0,1.000891523108641
2023-01-08,1.0201547065864947,1.0534539336698148,0.28,261.32,1.3129388164493478,1.0,4.67,0.07,11.75,0.0,1.0041328939164513,1.0061740109521342,1.0180106051165694,0.258412132804747,249.30689031558276,1.1415391127460461,1.0063072052589592,4.481114816770133,0.07,11.23004506896144,0.0,1.0012002250903373
2023-01-09,1.027602962691916,1.0698948911432045,0.29,273.54,1.4413239719157471,1.0294117647058822,4.78,0.07,12.03,0.0,1.0013182506457647,1.00821486349878,1.0229519656905346,0.2614205011090568,251.6148055236225,1.1700900517145891,1.0085076394919996,4.509580072315835,0.07,11.306231252869875,0.0,1.0012114656194258
2023-01-10,1.0348423835623197,1.1007945629903553,0.32,272.73,1.6349047141424273,1.0294117647058822,4.89,0.08,12.21,0.0,0.9983432795938362,1.0107508177905458,1.0303655463857555,0.26699950100343234,253.62577642613465,1.2143581148029547,1.0104985085599885,4.545810541619089,0.07095238095238096,11.392304466882269,0.0,1.00093830504556
2023-01-11,1.0494060834245609,1.1127379941032431,0.32,277.1,1.6248746238716147,1.0294117647058822,4.92,0.08,12.73,0.0,1.0082836020308186,1.014432271660452,1.0382105414064686,0.272047167574534,255.86141676650277,1.253454925190446,1.0122997710500736,4.581447632893461,0.07181405895691612,11.51970404146491,0.0,1.0016378571393942
2023-01-12,1.083104386924146,1.1575050388952741,0.32,285.47,1.6509528585757272,1.1176470588235294,5.13,0.08,15.92,0.0,1.0198628306760487,1.0209724731141372,1.0495719221196882,0.27661410399600694,258.68128183635963,1.2913118712271396,1.022332846076117,4.633690715475036,0.07259367238959077,11.93877984703968,0.0,1.00337356890479
2023-01-13,1.135462449679435,1.180292505788483,0.33,287.39,1.667001003009027,1.1176470588235294,5.23,0.08,15.42,0.0,1.0156052373741873,1.0318762804060704,1.0620215015167163,0.28169847504400625,261.41544547099204,1.3270917885397002,1.031410390147299,4.690482075905985,0.07329903692391547,12.27032462351209,0.0,1.0045384897113994
2023-01-14,1.2001574388976386,1.2104842336714807,0.35,294.14,1.8335005015045136,1.1470588235294117,5.4,0.08,15.95,0.0,1.0156052373741873,1.0479030574052672,1.0761608093409796,0.28820338218267233,264.53206971184994,1.3753211897744444,1.0424245266598813,4.7580552115339865,0.07393722388354257,12.62076989746332,0.0,1.005592465679284
2023-01-15,1.2650004784553655,1.2902153815401527,0.35,305.81,2.437311935807422,1.1764705882352942,6.03,0.09,17.0,0.0,1.0156052373741873,1.0685790022671813,1.096546959074234,0.29408877435575115,268.46330116786424,1.476463165587109,1.055190818238492,4.879192810435512,0.07546701208510995,13.037839431038242,0.0,1.0065460629835605
2023-01-16,1.2550112933521183,1.2920560358469506,0.35,301.71,2.2908726178535606,1.1176470588235294,5.93,0.09,16.77,0.0,1.0155161663846084,1.0863344585609847,1.115166871147826,0.2994136529885367,271.62965343759146,1.5540259705648662,1.061139031627543,4.97926968563213,0.07685110617224233,13.393283294748883,0.0,1.007400358545565
2023-01-17,1.274396860369873,1.314052271250812,0.35,298.9,2.3660982948846536,1.1470588235294117,5.81,0.08,16.74,0.0,1.0164068762803953,1.1042451634951644,1.1341083378243009,0.3042314003229618,274.226829300678,1.6313661919286555,1.0693218689515305,5.0583868584290705,0.07715100082250498,13.712018219058514,0.0,1.0082581221393585
2023-01-18,1.273279862686319,1.3072226941848648,0.35,300.19,2.2948846539618852,1.1470588235294117,5.96,0.08,17.16,0.0,1.0138772601763606,1.1203437062752744,1.1505954193824497,0.3085903145779178,276.69951222442296,1.6945584264080107,1.0767253884351382,5.144254776673922,0.07742233407750451,14.040397436291036,0.0,1.0087932781428826
2023-01-19,1.2474047557861503,1.2631052920893506,0.33,287.71,2.0922768304914743,1.1176470588235294,5.66,0.08,15.82,0.0,1.008052017457914,1.1324447586096436,1.1613106453545354,0.3106293322371637,277.7481301078112,1.7324363696540548,1.0806226903768898,5.193373369371644,0.07766782607012314,14.209883394739508,0.0,1.0087226818871713
2023-01-20,1.2687595126856872,1.2913814068928755,0.34,294.75,2.1474423269809426,1.1470588235294117,5.8,0.08,16.2,0.0,1.0035806537810634,1.1454271161406953,1.1736983369296154,0.3134265386907672,279.3673558118292,1.77196074654233,1.0869499411533206,5.251147334193392,0.07788993787296856,14.399418309526222,0.0,1.0082329649246848
2023-01-21,1.3665064392870232,1.383680642313394,0.36,304.95,2.565697091273821,1.2058823529411764,6.25,0.09,17.52,0.0,1.0035806537810634,1.1664822897736788,1.1936966517280707,0.31786210643450363,281.80379811546453,1.8475546841358053,1.0982768375140688,5.346276159508307,0.07904327712316203,14.69661656576182,0.0,1.0077898876729114
2023-01-22,1.3704297732843764,1.3541802008895107,0.37,298.96,2.4744232698094284,1.1764705882352942,6.25,0.08,16.89,0.0,1.0035806537810634,1.1859058596318406,1.2089807992672557,0.32282762010740806,283.4377221044679,1.9072564541999597,1.1057238613922806,5.432345096697992,0.0791343935876228,14.905510226165456,0.0,1.0073890082546402
2023-01-23,1.3683618831762454,1.3582862758815983,0.38,303.17,2.4343029087261785,1.1764705882352942,6.21,0.09,17.39,0.0,1.009673109468246,1.2032826237789267,1.2232003684686217,0.3282726086686073,285.3169866659472,1.9574513546310282,1.112461644901139,5.50640746844104,0.08016921324594442,15.142128299863984,0.0,1.007606541703555
2023-01-24,1.3832999217018325,1.3600519714157213,0.38,306.09,2.450351053159478,1.2647058823529411,6.59,0.09,18.05,0.0,1.015409281197114,1.220427128343013,1.2362338544635836,0.33319902689064473,287.29536888823793,2.004394183062309,1.126961096087025,5.6096067571609405,0.08110547865109258,15.419068461781698,0.0,1.0083496597505606
2023-01-25,1.360739698013417,1.2968367397931138,0.36,300.56,2.2858575727181543,1.2058823529411764,6.19,0.08,17.0,0.0,1.0009085240937026,1.2337902302163848,1.2420055578283007,0.33575150052010716,288.5586670893581,2.0312002201723893,1.134477406263611,5.664882304097993,0.08100019497003615,15.56963337018344,0.0,1.0076409801641932
2023-01-26,1.3950687200325949,1.344827011810171,0.37,307.09,2.473420260782347,1.2352941176470587,6.42,0.09,17.84,0.0,1.0009085240937026,1.2491500863893572,1.2517980772551456,0.339013262375335,290.32355593799065,2.073316414516195,1.1440789978239394,5.736798275136279,0.08185731925860412,15.785858763499304,0.0,1.0069997938717656
2023-01-27,1.385700022327917,1.3349740975796645,0.38,304.89,2.4433299899699095,1.2058823529411764,6.47,0.09,18.11,0.0,1.0120245835931236,1.2621548421930298,1.2597196030003377,0.34291676119673165,291.7108363248487,2.108555802654644,1.1499650316446286,5.806627010837586,0.08263281266254657,16.007205547927942,0.0,1.0074783452737999
2023-01-28,1.3891972602261558,1.3313261039761464,0.39,308.46,2.4483450351053158,1.2058823529411764,6.57,0.09,21.43,0.0,1.0120245835931236,1.2742541201009465,1.2665392697599385,0.3474008791779953,293.3059947701012,2.1409166819356606,1.1552904908157284,5.879329200281625,0.08333444955182784,16.523662162410997,0.0,1.0079113203518308
2023-01-29,1.3855483610045034,1.3101627438242298,0.38,305.95,2.4062186559679035,1.2058823529411764,6.39,0.09,20.56,0.0,1.0120245835931236,1.284853571615571,1.2706938863374901,0.35050555735151956,294.5101857443773,2.166183536605398,1.1601087633991045,5.927964514540518,0.08396926388022519,16.908075289800426,0.0,1.0083030597081444
2023-01-30,1.4322040783655723,1.3713457598320922,0.4,317.31,2.6258776328986957,1.2058823529411764,6.62,0.09,21.12,0.0,1.0164781330720585,1.2988869532108092,1.2802797790512617,0.355219313794232,296.68159662586515,2.209963926728569,1.164468152879302,5.993872656012849,0.08454361970115612,17.3092109764861,0.0,1.0090816381237553
2023-01-31,1.3746046724927885,1.3064897639631536,0.37,307.06,2.40320962888666,1.1764705882352942,6.2,0.09,19.74,0.0,1.0145185713013272,1.3060981645709977,1.2827759680904895,0.35662699819478133,297.6700159948304,2.228368279315054,1.165611241960825,6.013503831630673,0.08506327496771268,17.540714693011232,0.0,1.009599441283524
2023-02-01,1.3924748299377043,1.3213899022204454,0.39,312.51,2.40320962888666,1.2058823529411764,6.27,0.1,19.86,0.0,1.0221786764050946,1.314324513653541,1.2864534856266758,0.35980537931908785,299.08334780484654,2.2450198364171117,1.1694465858637157,6.037932038142038,0.0864858202088829,17.76159900796254,0.0,1.0107974636760546
2023-02-02,1.4278528427771595,1.3682974364099743,0.4,317.65,2.505516549648947,1.2058823529411764,6.47,0.09,20.97,0.0,1.0271310234256703,1.325136735474838,1.2942481476060377,0.3636334384315557,300.8516003948612,2.269829047201096,1.172916658918712,6.079081367842796,0.0868205039985131,18.067161007204206,0.0,1.0123530407950656
2023-02-03,1.4166900879094027,1.373144770376293,0.4,325.44,2.439317953861585,1.2058823529411764,6.56,0.09,21.23,0.0,1.0457468602476172,1.3338561023733682,1.3017621116793954,0.3670969204856933,303.1933527382077,2.2859708478354284,1.1760562488256134,6.1248831423339585,0.08712331314151184,18.368383768422852,0.0,1.0155334045524513
2023-02-04,1.411387959896413,1.3870954308463679,0.4,332.28,2.4764292878635907,1.2058823529411764,7.01,0.09,21.37,0.0,1.0457468602476172,1.3412400888041343,1.3098890944572021,0.3702305471061035,305.96350962028316,2.3041097468857292,1.1788968301699527,6.2091799859212005,0.08739728331851071,18.65425198095401,0.0,1.0184108765234194
2023-02-05,1.4046937975935199,1.3886279213099462,0.4,330.85,2.4423269809428283,1.2058823529411764,6.9,0.1,21.04,0.0,1.0457468602476172,1.347283299165028,1.3173880303479395,0.37306573309599844,308.33365156120857,2.317273292986405,1.1814668799576884,6.27497236821442,0.08859754205008111,18.88146607800601,0.0,1.0210143035447716
2023-02-06,1.380978059060049,1.358727699765129,0.39,327.66,2.358074222668004,1.1764705882352942,6.64,0.09,20.12,0.0,1.0537098067159525,1.3504923239169349,1.3213251417210052,0.37467852042018907,310.17425617442683,2.3211590958132238,1.1809910426507937,6.309736904574951,0.08873110947388291,18.999421689624484,0.0,1.024128160989646
2023-02-07,1.3713602034669055,1.3468758849299551,0.38,324.97,2.2788365095285856,1.1470588235294117,6.5,0.09,19.62,0.0,1.0549568005700545,1.352479741016932,1.3237585458361434,0.37518532799921867,311.5833746340053,2.3171283733099246,1.1777594027344718,6.327857199377336,0.08885195619065597,19.058524385850724,0.0,1.0270642219020658
2023-02-08,1.401959079126888,1.3932503789582396,0.4,333.39,2.397191574724172,1.1764705882352942,6.95,0.09,20.89,0.0,1.0628306760488109,1.357192058932166,1.3303768156572953,0.3775486300945312,313.66019609743336,2.3247534401112815,1.1776366584964548,6.387108894674733,0.08896129369630779,19.23295063481732,0.0,1.0304705508684224
2023-02-09,1.3810514823991615,1.3754185198141022,0.39,328.37,2.3279839518555665,1.1764705882352942,6.76,0.09,20.1,0.0,1.055117128351296,1.359464384976642,1.3346665017674673,0.378734474847433,315.06112980243967,2.3250611078964516,1.1775256041858682,6.42262233327714,0.08906021810618323,19.31552676483472,0.0,1.0328178439620295
2023-02-10,1.3132480378816282,1.2879416321023438,0.36,305.75,2.050150451354062,1.1176470588235294,6.23,0.08,17.86,0.0,1.0468157121225616,1.3550628281104502,1.3302165141803126,0.37695023914767745,314.1743555355406,2.2988791406067004,1.1718228855799313,6.404277349155508,0.08819734019130863,19.176905168183794,0.0,1.0341509742630326
2023-02-11,1.3017675164314813,1.2622474305798477,0.36,305.92,2.0180541624874624,1.1176470588235294,6.19,0.08,17.81,0.0,1.0468157121225616,1.3499870841410244,1.3237432681231254,0.37533593065742243,313.3882264369177,2.2721339045953446,1.1666632830317025,6.383869982569269,0.08741664112546972,19.046723723594862,0.0,1.035357139773464
2023-02-12,1.3173729851462177,1.2842686522412672,0.37,310.99,2.090270812437312,1.1470588235294117,6.28,0.08,18.05,0.0,1.0468157121225616,1.3468809794748524,1.3199837808962818,0.37482774678528696,313.15982391911604,2.2548136101041036,1.164796191650532,6.373977603276958,0.08671029435161547,18.951797654681066,0.0,1.03644843237814
2023-02-13,1.3107793285616185,1.2620808555294587,0.36,313.55,2.1504513540621866,1.1176470588235294,6.16,0.08,17.73,0.0,1.048561503518304,1.3434427270069254,1.3144692165756318,0.3734155804247834,313.1969835458669,2.244874347623921,1.1603057980479605,6.353598783917248,0.08607121869908066,18.83543597328287,0.0,1.0376020582010128
2023-02-14,1.312462047054731,1.2550763746606033,0.36,293.32,2.0842527582748245,1.088235294117647,6.12,0.08,17.63,0.0,1.054903357976307,1.3404921860590973,1.3088127554408673,0.3721379060986135,311.3039374938796,2.2295770534001975,1.1534419405307879,6.331351280687034,0.08549300739440631,18.72063254725593,0.0,1.039249801036755
2023-02-15,1.3372719137071143,1.2967534522679192,0.39,296.2,2.1915747241725176,1.1176470588235294,6.23,0.08,18.17,0.0,1.0562394228199874,1.3401854934541464,1.3076642503767768,0.37383905789874555,309.86546725636725,2.2259577839499425,1.1500329041777158,6.3216987777644595,0.08496986383303429,18.668191352279173,0.0,1.0408678602542056
2023-02-16,1.4629227183245996,1.3949494444722068,0.41,317.25,2.3961885656970914,1.1764705882352942,6.61,0.09,19.88,0.0,1.067996793444375,1.3518747529656183,1.315977126004913,0.3772829571464841,310.56875608909417,2.2421702393544325,1.1525507788498661,6.349156037024987,0.08544892442036436,18.783601699681157,0.0,1.0434515681770788
2023-02-17,1.4297636550860406,1.3710292672363533,0.39,306.76,2.2407221664994985,1.1470588235294117,6.39,0.09,18.68,0.0,1.058804667319854,1.3592927436437536,1.321220187074574,0.3784941040849142,310.20601741394233,2.2420323276539627,1.1520277354860133,6.353045938260703,0.08588236018985348,18.773734871140096,0.0,1.0449137680954383
2023-02-18,1.4822378711564836,1.4134559325704195,0.41,313.67,2.325977933801404,1.1764705882352942,7.3,0.09,19.53,0.0,1.058804667319854,1.3710018034068707,1.330004543788464,0.38149466560063666,310.5359205173764,2.2500271472870526,1.1543556262240402,6.4432320393787315,0.0862745163622484,18.845760121507706,0.0,1.046236710878716
2023-02-19,1.4830786285723914,1.4096580214215513,0.41,316.21,2.3520561685055164,1.1470588235294117,7.25,0.09,19.6,0.0,1.058804667319854,1.381675786755968,1.3375905892773294,0.384209459352957,311.07630903953105,2.259744196926906,1.1536606926340756,6.520067083247424,0.08662932432774856,18.917592490887923,0.0,1.0474336591112055
2023-02-20,1.461514434607188,1.399546915862942,0.4,311.35,2.488465396188565,1.1470588235294117,7.44,0.09,19.81,0.0,1.0516611739556427,1.3892794675037032,1.3434911918092927,0.38571332036696104,311.10237484529,2.281527168285159,1.1530319431955363,6.6076797419857645,0.08695034105843918,19.00258368223193,0.0,1.0478362795725804
2023-02-21,1.4917377679425274,1.4160545033564873,0.4,314.94,2.6118355065195584,1.1764705882352942,7.53,0.09,20.79,0.0,1.0475282800391912,1.3990374008788293,1.350401983385216,0.38707395652248855,311.4678629552624,2.3129851052598633,1.1552641951040847,6.695519766558549,0.08724078476715927,19.17281380773365,0.0,1.0478069462836863
2023-02-22,1.4695133657559563,1.3797244848666566,0.39,311.08,2.4994984954864594,1.1470588235294117,7.25,0.09,20.91,0.0,1.0431994299456666,1.4057493975337938,1.3531946025739248,0.3873526273298706,311.4309236261898,2.330748285281444,1.1544827311445922,6.748327407838688,0.08750356717028696,19.338260111759016,0.0,1.0473681352038748
2023-02-23,1.4531863020937084,1.3685556277380773,0.39,312.46,2.424272818455366,1.1764705882352942,7.17,0.09,20.27,0.0,1.0438941836643805,1.4102671979680714,1.3546575573514632,0.3876047580603591,311.528930899886,2.33965538367896,1.1565768127722782,6.788486702330241,0.08774132267787868,19.426997243972444,0.0,1.047037282676304
2023-02-24,1.4414512062792602,1.3757849849249577,0.38,308.51,2.399197592778335,1.1470588235294117,7.09,0.08,19.71,0.0,1.0473145096642023,1.4132371035215179,1.3566696933108437,0.386880495387944,311.24141367132546,2.345326070259853,1.155670337606291,6.817202254489265,0.08700405385141405,19.453949887403642,0.0,1.04706368524658
2023-02-25,1.394579431715392,1.3393466926523743,0.37,301.83,2.3129388164493476,1.1176470588235294,6.61,0.08,18.37,0.0,1.0473145096642023,1.411460182397125,1.355019883724323,0.38527282916052075,310.3450885597706,2.342241569896948,1.1520490729603137,6.797468706442668,0.08633700110366033,19.35071656479377,0.0,1.0470875732863536
2023-02-26,1.3936616399764805,1.3275615078373562,0.36,302.14,2.247743229689067,1.1176470588235294,6.54,0.08,17.96,0.0,1.0473145096642023,1.4097650831189683,1.3524048003065166,0.38286589304999497,309.56365155407815,2.333241727972388,1.1487726906615723,6.772947877257653,0.08573347718902602,19.218267368146744,0.0,1.0471091862747202
2023-02-27,1.4167767515227818,1.3663984808355403,0.37,308.57,2.3299899699097293,1.1176470588235294,6.68,0.08,18.45,0.0,1.0544401888304977,1.4104328610621886,1.3537375317854712,0.3816405699023764,309.4690180727374,2.3329320367283253,1.145808344772235,6.76409569847121,0.08518743174245212,19.145099047370863,0.0,1.047807376994318
2023-02-28,1.4153925410313088,1.3609015041727048,0.37,304.56,2.275827482447342,1.1176470588235294,6.58,0.08,17.93,0.0,1.0549389863721386,1.4109052115354381,1.3544198148699698,0.38053194419738817,309.00149254200056,2.327493507749184,1.143126317539025,6.746562774807286,0.08469339062412336,19.02937532857364,0.0,1.0484865778874437
2023-03-01,1.3935713653792103,1.3381223660320156,0.35,301.3,2.1985957873620863,1.1176470588235294,6.35,0.08,17.09,0.0,1.047332323862118,1.4092543690443688,1.3528676768854027,0.3776241399881131,308.26801706181004,2.3152175343789843,1.1406997214708825,6.708794891492306,0.08424640104087351,18.844672916328534,0.0,1.0483766489326507
2023-03-02,1.4223864149971384,1.3858461179684507,0.36,303.18,2.2577733199598797,1.1176470588235294,6.53,0.08,17.75,0.0,1.039761289747929,1.41050504008749,1.356008480798074,0.3759456504654357,307.7834440083043,2.30974665681526,1.1385042297901822,6.691766806588277,0.08384198189412366,18.740418352868673,0.0,1.0475561385341057
2023-03-03,1.412155895803856,1.3722952376193094,0.35,299.82,2.203610832497492,1.1176470588235294,6.32,0.08,17.44,0.0,1.0493631424245122,1.4106622644414295,1.3575596004953343,0.3734746361353942,307.0250207694182,2.299638483070711,1.136517832555263,6.656360444056061,0.08347607885658807,18.6165689859288,0.0,1.0477282341427159
2023-03-04,1.3461404901429166,1.308172171972082,0.34,290.22,2.1474423269809426,1.1176470588235294,6.03,0.08,16.67,0.0,1.0493631424245122,1.4045173335558567,1.3528560358740722,0.370286575551071,305.42454260090216,2.2851436110621615,1.1347206160093837,6.596707068431673,0.08314502372738922,18.43118146345939,0.0,1.0478839396933632
2023-03-05,1.3449909936043458,1.3063648326753619,0.34,289.17,2.102306920762287,1.1176470588235294,5.91,0.07,16.12,0.0,1.0493631424245122,1.3988481583223795,1.3484283022360997,0.3674021397843023,303.8764909246258,2.267730592938364,1.1330945629440643,6.531306395247705,0.0818931167057331,18.211068943129924,0.0,1.048024816143949
2023-03-06,1.3494180598544652,1.301975580097613,0.34,288.62,2.1063189568706115,1.088235294117647,5.99,0.07,16.18,0.0,1.0665182150173689,1.3941405298968639,1.3440042334610058,0.36479241218579733,302.4234917889471,2.2523580561700065,1.1288222516272628,6.4797534052241135,0.0807604389242347,18.017633805688977,0.0,1.0497860922271318
2023-03-07,1.3490100186748049,1.3054070261356252,0.33,288.02,2.0692076228686056,1.088235294117647,5.92,0.08,16.53,0.0,1.0766366794335085,1.3898423859709537,1.3403283089538267,0.3614788491204833,301.0517306661903,2.234915157760349,1.1249568271025376,6.426443557107532,0.08068801616954568,17.87595439562336,0.0,1.0523432910086914
2023-03-08,1.3370997901416528,1.3024586477437408,0.33,289.25,2.033099297893681,1.1176470588235294,5.86,0.07,16.18,0.0,1.0767079362251715,1.3848192816062583,1.3367216745528663,0.35848086348996105,299.9277563170293,2.2156945996778092,1.124260658695013,6.3724965516687195,0.07967010986768419,17.714434929373514,0.0,1.0546637334102609
2023-03-09,1.3067338229426269,1.278680059300718,0.32,286.69,1.848545636910732,1.1470588235294117,5.6,0.07,15.15,0.0,1.0757281553398057,1.377382571257341,1.3311939016717094,0.35481601934806,298.6670176201694,2.1807280317952307,1.1264319124887654,6.298925451509794,0.07874914702314284,17.47020303133794,0.0,1.0566698688321223
2023-03-10,1.2263093878961022,1.1994819515932904,0.31,277.49,1.7382146439317951,1.088235294117647,5.38,0.07,14.43,0.0,1.0494343992161752,1.3629946490324611,1.3186499064261457,0.3505478270291971,296.6501587992009,2.1385838996177604,1.1227941393105638,6.211408741842194,0.07791589492570067,17.180659885496233,0.0,1.0559807764877465
2023-03-11,1.2154108366830223,1.190678460180234,0.32,277.03,1.8264794383149447,1.088235294117647,5.56,0.07,14.85,0.0,1.0494343992161752,1.3489390478563241,1.3064621496408206,0.3476385101692736,294.781572246896,2.1088596652079685,1.1195028207207622,6.1493698140477004,0.07716200017087203,16.958692277353734,0.0,1.055357311985692
2023-03-12,1.2350503762344298,1.2279912714673595,0.31,275.74,1.8124373119358073,1.088235294117647,5.47,0.07,14.53,0.0,1.0494343992161752,1.338092507701858,1.2989887326719196,0.3440538901531523,292.9680891757631,2.0806289648963343,1.1165249610442751,6.084667926995539,0.07647990491650326,16.727388250939093,0.0,1.0547932250552619
2023-03-13,1.3297875477627847,1.3227724751386736,0.33,289.79,2.0401203610832495,1.088235294117647,5.91,0.07,16.3,0.0,1.0487574596953773,1.337301559136232,1.3012538510020866,0.34271542442428066,292.6654140161666,2.0767710026284214,1.113830707051263,6.068032886329298,0.07586277111493153,16.686684607992515,0.0,1.0542183902590825
2023-03-14,1.4551639176045694,1.3983309179951027,0.34,308.72,2.0441323971915746,1.088235294117647,6.1,0.07,16.47,0.0,1.038799323060479,1.3485265456570261,1.3104992859538023,0.3424568125743492,294.1944222051031,2.0736625640153883,1.111393048676633,6.071077373345554,0.07530441196112853,16.666047978659893,0.0,1.0527499076687392
2023-03-15,1.490058660433306,1.4228007928972397,0.34,309.58,2.104312938816449,1.088235294117647,6.24,0.08,17.2,0.0,1.0445533089872627,1.3620057946833386,1.3211946675674628,0.3422228304244112,295.65971532842656,2.076581647329775,1.109187548242444,6.08716524255074,0.07575161082197343,16.716900552120855,0.0,1.0519692792228843
2023-03-16,1.4727325578946038,1.3809654689920543,0.33,307.72,1.9398194583751251,1.0588235294117645,5.89,0.07,15.63,0.0,1.0505032510911196,1.372551200703459,1.3268871248459952,0.34105875133637203,296.8083138685764,2.0635566769531417,1.1043909750204746,6.06838760040305,0.07520383836273786,16.61338621382363,0.0,1.0518296574960495
2023-03-17,1.5142823440340827,1.3990555194642944,0.33,331.53,1.988966900702106,1.088235294117647,6.13,0.07,15.94,0.0,1.048080520174579,1.386049404830185,1.3337603052858333,0.3400055369233842,300.1151411191882,2.0564528887387574,1.1028523387440148,6.074255447983711,0.07470823470914378,16.549254193459475,0.0,1.0514725967987666
2023-03-18,1.6530289835621994,1.4935951893125445,0.35,339.76,2.1705115346038113,1.1176470588235294,6.64,0.08,17.69,0.0,1.048080520174579,1.411476031376091,1.348982675193139,0.34095739054972857,303.8908419649798,2.0673156169163818,1.1042613597039685,6.128135881509072,0.075212212355892,16.65789665122524,0.0,1.0511495418821772
2023-03-19,1.631429883419385,1.4737144570486231,0.34,333.03,2.1384152457372116,1.1176470588235294,6.35,0.07,17.03,0.0,1.048080520174579,1.4324240172849763,1.360861892512709,0.3408662104973735,306.66599987307694,2.074087010137413,1.1055361881915458,6.149265797555827,0.07471581117914038,16.693335065394265,0.0,1.0508572541005012
2023-03-20,1.6963704195421632,1.5003164925957388,0.35,337.45,2.2086258776328984,1.1470588235294117,6.51,0.08,17.69,0.0,1.0396365903625189,1.4575617698808987,1.3741432829968072,0.34173609521190934,309.59780940897434,2.086900235613174,1.1094907248903902,6.183621435883844,0.07521906725731749,16.78825553535672,0.0,1.0497886194587887
2023-03-21,1.6808630492231267,1.4529009045025236,0.33,335.6,2.2387161484453357,1.1176470588235294,6.12,0.07,16.76,0.0,1.0492562572370179,1.4788285583896823,1.3816440088544946,0.34061837185839416,312.0742085128815,2.1013588939781416,1.1102675185983084,6.1775622515139545,0.07472201323281107,16.78556453198941,0.0,1.0497379182948106
2023-03-22,1.7010285887612941,1.5086785601252644,0.37,336.89,2.280842527582748,1.3823529411764703,6.41,0.08,17.55,0.0,1.0625812772779906,1.4999904660441217,1.3937425375469488,0.3434166221575947,314.43761722594047,2.1184525733690567,1.1361804159867048,6.199699179941197,0.07522467863921002,16.858367909895183,0.0,1.0509610953408277
2023-03-23,1.6519799927419223,1.4555661053087467,0.36,323.6,2.164493480441324,1.2647058823529411,6.09,0.07,16.86,0.0,1.0434310145185712,1.5144656590629597,1.3996304963814057,0.3449959914759191,315.3102251091843,2.1228374216616537,1.1484209365930131,6.189251638994416,0.0747270901973805,16.858523347048024,0.0,1.0502439447863272
2023-03-24,1.7127943779388142,1.519964019789116,0.37,331.25,2.2377131394182546,1.3235294117647058,6.35,0.08,17.64,0.0,1.0490603010599446,1.5333541084797078,1.4110908319440447,0.34737732562106965,316.8282989083096,2.1337779662099012,1.1650979342284125,6.204561006709233,0.07522927208334426,16.932949694948213,0.0,1.050131216812386
2023-03-25,1.6607811641450965,1.458547798710709,0.36,324.08,2.083249749247743,1.2647058823529411,6.02,0.08,17.09,0.0,1.0490603010599446,1.545490018543078,1.4156105430646795,0.34857948508572967,317.5189371075182,2.1289657550706482,1.1745844054783676,6.18698376797502,0.07568362712302576,16.947906866857906,0.0,1.050029224835963
2023-03-26,1.6652774409197897,1.4608465344060766,0.35,324.55,2.0651955867602805,1.3235294117647058,5.94,0.07,16.97,0.0,1.0490603010599446,1.556898344483717,1.419918732716241,0.3487147722204221,318.1885621448974,2.122892405707756,1.1887696441723046,6.163461504358351,0.07514232930178522,16.950010974776202,0.0,1.0499369463811041
2023-03-27,1.6880428888593322,1.479911048923092,0.36,329.15,2.104312938816449,1.3235294117647058,6.05,0.07,17.14,0.0,1.064718981027879,1.5693883010909184,1.425632286640703,0.34978955581847715,319.23250860728814,2.121122932670489,1.2016039077525333,6.1526556468004125,0.07465258365399614,16.96810516765466,0.0,1.0513447592046066
2023-03-28,1.6359141235811088,1.4318541468858794,0.35,311.51,2.0020060180541623,1.4117647058823528,5.88,0.07,16.55,0.0,1.047474837445444,1.5757240937090318,1.4262248447592911,0.3498095981214793,318.4970315970702,2.109778464611791,1.2216192218601352,6.12668844234323,0.07420948044885366,16.928285627878026,0.0,1.0509761952275434
2023-03-29,1.6424770868026362,1.479219762463978,0.37,313.58,2.0561685055165495,1.5294117647058822,6.07,0.07,16.75,0.0,1.0571479469136902,1.5820815216227084,1.4312719797787852,0.3517324935384813,318.0287428735397,2.104672754221768,1.250932797369254,6.1212895430724465,0.07380857754896283,16.911306044270596,0.0,1.0515639811024144
2023-03-30,1.708898126320642,1.495460829876901,0.38,314.15,2.1193580742226676,1.6176470588235294,6.19,0.08,17.31,0.0,1.0701166829963482,1.5941592934987021,1.4373852035976533,0.3544246370110069,317.65933879034543,2.106071356126616,1.2858579651268038,6.127833396113166,0.074398236830014,16.949276897197205,0.0,1.053330905092313
2023-03-31,1.6876005433327093,1.4932703679642862,0.38,317.12,2.063189568706118,1.588235294117647,6.12,0.07,17.25,0.0,1.073323238621181,1.60305846014956,1.4427076002039994,0.35686038586710145,317.60797319126493,2.1019873763722825,1.3146558059830746,6.127087358388103,0.07397935713191743,16.977917192702233,0.0,1.0552349368569671
2023-04-01,1.7162272199576671,1.5191811170522878,0.4,317.26,2.127382146439318,1.588235294117647,6.34,0.08,17.72,0.0,1.073323238621181,1.6138364372741418,1.4499907922847888,0.36096892054642515,317.57483288733494,2.1044059259024763,1.3407109953292242,6.147364752827331,0.07455275169078245,17.04859174577821,0.0,1.0569576322630827
2023-04-02,1.7151535540808027,1.5183315842953042,0.39,315.08,2.1143430290872613,1.5,6.35,0.08,17.79,0.0,1.073323238621181,1.6234856864938239,1.4564994391429331,0.3637337852562894,317.3372297552078,2.1053523166819796,1.3558813767264408,6.166663347796156,0.07507153724404127,17.119202055704097,0.0,1.0585162614400443
2023-04-03,1.6993597123730964,1.4972931554311795,0.38,314.11,2.063189568706118,1.5294117647058822,6.27,0.08,17.3,0.0,1.0906920815890264,1.6307117841966117,1.460384554979909,0.36528294856521426,317.02987454042614,2.101336816874755,1.3724080803435303,6.176504933720332,0.07554091464937067,17.1364209075418,0.0,1.061580625263757
2023-04-04,1.6740178274274689,1.5078956573884363,0.39,308.85,2.050150451354062,1.4705882352941175,6.43,0.1,17.11,0.0,1.0813218134853477,1.6348361692662172,1.4649094218759593,0.3676369534637653,316.2508388699094,2.096461924920403,1.3817585712912053,6.2006473209850625,0.0778703513494306,17.133904630633058,0.0,1.063460738427718
2023-04-05,1.6956777124657785,1.5585844452217945,0.39,310.99,2.0982948846539617,1.4705882352941175,6.44,0.1,17.65,0.0,1.0805201745791395,1.6406306019518897,1.4738308526708006,0.3697667674195972,315.7498065965847,2.0966364925140755,1.3902185392914825,6.223442814224581,0.07997793693519911,17.183056570572766,0.0,1.0650854466326152
2023-04-06,1.6969939160939747,1.5919077840521045,0.39,314.28,2.104312938816449,1.5,6.41,0.09,18.0,0.0,1.081713725839494,1.6459985366320882,1.4850762747071153,0.37169374195106414,315.60982501595754,2.0973675826381113,1.4006739165018174,6.241210165250811,0.08093241913184682,17.260860706708694,0.0,1.0666690922713655
2023-04-07,1.687712483833324,1.5593506904535837,0.38,312.37,2.0672016048144433,1.4705882352941175,6.28,0.09,18.0,0.0,1.081713725839494,1.6499712935083963,1.4921500285877314,0.37248481414620094,315.301270252533,2.0944946323691904,1.407332423053465,6.244904435226925,0.08179599826214712,17.331254925117392,0.0,1.0681019145159492
2023-04-08,1.6811802139748686,1.5546949177952125,0.38,310.83,2.054162487462387,1.5,6.19,0.08,17.63,0.0,1.081713725839494,1.6529435716480603,1.4981066847027296,0.37320054613227704,314.875434990387,2.0906534757113997,1.4161579065721825,6.239675441395789,0.0816249508086093,17.35970683701097,0.0,1.069398277499144
2023-04-09,1.6832077814295523,1.5416937351123547,0.39,310.66,2.010030090270812,1.5,6.14,0.08,17.47,0.0,1.081713725839494,1.6558258773415357,1.502257832360789,0.37480049411967925,314.4739649913025,2.0829750580503914,1.4241428678510222,6.230182542215238,0.08147019358874176,17.37021094777183,0.0,1.070571177341082
2023-04-10,1.7062645154029528,1.5490979961021438,0.39,313.01,2.0361083249749248,1.5,6.21,0.08,17.57,0.0,1.081713725839494,1.6606295571569087,1.5067188003361562,0.3762480661082812,314.33453975403563,2.0785115596622514,1.4313673566271152,6.228260395337597,0.08133017515171874,17.389238476555466,0.0,1.0716323724361687
2023-04-11,1.7849075317300163,1.5906917861842653,0.4,318.23,2.0942828485456366,1.5294117647058822,6.29,0.08,17.94,0.0,1.095003117484635,1.6724655547352998,1.5147162275597856,0.3785101550503497,314.705535967937,2.0800135871749545,1.4407049193012835,6.234140357686397,0.081203491803936,17.441691954978754,0.0,1.0738581576788797
2023-04-12,1.821196114340601,1.576582879416321,0.4,322.73,2.3079237713139418,1.5294117647058822,6.43,0.08,18.17,0.0,1.093649238443039,1.6866303699358047,1.5206082896413604,0.38055680695031635,315.4697706376573,2.1017193189977155,1.4491531902921977,6.25279365695436,0.08108887353689448,17.51105462593316,0.0,1.0757430225135616
2023-04-13,1.7997227968033163,1.5993037162893742,0.41,320.29,2.3901705115346035,1.5,6.41,0.08,18.26,0.0,1.0853121938184733,1.6974010772565202,1.5281030921792664,0.38336092057409576,315.92884010073755,2.1291908611440857,1.4539957435977027,6.2677656896253735,0.08098517129528549,17.58238275679667,0.0,1.0766543721616484
2023-04-14,1.829867892154355,1.6764029783619008,0.43,325.03,2.450351053159478,1.5,6.64,0.09,18.86,0.0,1.0852231228288947,1.7100169643896475,1.5422268908633268,0.38780273766227713,316.79561723400064,2.1597775460979327,1.4583771013503024,6.303216576327719,0.08184372641002019,17.7040605894827,0.0,1.077470443653767
2023-04-15,1.8336822948043356,1.7514950110772405,0.44,328.98,2.4844533600802405,1.5294117647058822,6.73,0.09,19.26,0.0,1.0852231228288947,1.721794614905332,1.5621571880265566,0.392773905503965,317.95603464028625,2.1906990521914858,1.4651423073841672,6.34386261667746,0.08262051437097065,17.852245295246252,0.0,1.0782087940513982
2023-04-16,1.8242786909220465,1.743349491113221,0.45,333.27,2.4152457372116345,1.5294117647058822,6.81,0.09,19.1,0.0,1.0852231228288947,1.7315550030974,1.5794135978443342,0.39822400974168265,319.41450753168755,2.2120844507648334,1.4712632080814734,6.388256653184368,0.0833233225261163,17.97107907665137,0.0,1.0788768253635408
2023-04-17,1.8238363453954238,1.7645295087701762,0.45,347.87,2.5376128385155465,1.5294117647058822,6.83,0.09,20.22,0.0,1.097817760755322,1.7403437023638786,1.5970436845991762,0.40315505643295096,322.1245544334316,2.2430871543601394,1.4768011658552265,6.430327448119191,0.08395919657124806,18.185262021732193,0.0,1.0806807239722818
2023-04-18,1.7734420560460809,1.7303316509253241,0.43,340.03,2.465396188565697,1.5,6.7,0.09,20.53,0.0,1.095573171817939,1.7434959265240884,1.6097377766302379,0.4057117177250509,323.829834963581,2.2642594433320973,1.4790105786309191,6.456010548298316,0.08453451118351016,18.408570400614842,0.0,1.0820990523385348
2023-04-19,1.8275129288269056,1.7517698599103826,0.44,343.01,2.490471414242728,1.5588235294117647,6.92,0.09,21.21,0.0,1.094735904515899,1.7514975457910233,1.6232646417045373,0.40897726841790316,325.65651734800184,2.2858034405616814,1.4866118120386187,6.500200019888952,0.08505503392793776,18.675373219603905,0.0,1.0833025620697123
2023-04-20,1.7352715489977413,1.6128046241233986,0.42,322.35,2.27382146439318,1.441176470588235,6.31,0.09,18.95,0.0,1.0992250823906653,1.7499522127630918,1.6222684495539528,0.41002705237810283,325.3416109339064,2.284662299974205,1.4822846366623916,6.482085732280481,0.08552598307765796,18.7015281510702,0.0,1.0848189925764697
2023-04-21,1.700507403419722,1.6186430796395315,0.4,317.78,2.2246740220661985,1.3823529411764703,6.11,0.08,18.32,0.0,1.093257326088893,1.7452431833018185,1.6219231762287698,0.40907209500875974,324.62145751162956,2.278949130649633,1.4727673323303991,6.446648995872817,0.08499969897502388,18.665192136682563,0.0,1.0856226433871767
2023-04-22,1.643007299603935,1.5409441473856045,0.38,321.6,2.132397191574724,1.3235294117647058,5.85,0.08,16.95,0.0,1.093257326088893,1.7355064324734486,1.614210887767516,0.4063033240555445,324.33369965337914,2.264991803118689,1.4585541970384284,6.389825281980167,0.08452353716787875,18.501840504617558,0.0,1.0863497560254354
2023-04-23,1.6767988868540324,1.5637566005363714,0.4,332.41,2.1915747241725176,1.3823529411764703,5.96,0.08,17.26,0.0,1.093257326088893,1.729915237652552,1.609405717555026,0.4057030074788259,325.1028711149621,2.257999700361911,1.4512969345753848,6.348889540839199,0.08409272410427125,18.383569980368264,0.0,1.0870076198410028
2023-04-24,1.6614485943342459,1.5521796345343395,0.39,330.68,2.156469408224674,1.3823529411764703,5.92,0.08,16.88,0.0,1.0950743742762983,1.7233946049555704,1.6039556144101987,0.40420748295703296,325.6340262468705,2.248330148729793,1.4447308399659644,6.3080429179021325,0.08370294085624543,18.24037283938081,0.0,1.0877758821681738
2023-04-25,1.6557348141577048,1.53468092549098,0.38,331.15,2.1454363089267803,1.352941176470588,5.89,0.08,16.94,0.0,1.0950743742762983,1.7169508153557738,1.5973580249893207,0.4019020083896965,326.15935708050193,2.2385307354152206,1.435988967252119,6.2682293066733585,0.0833502798223173,18.11652780705883,0.0,1.0884709766546619
2023-04-26,1.7062633117416557,1.5579514600303166,0.4,339.1,2.2006018054162486,1.3823529411764703,6.01,0.08,17.66,0.0,1.1003830052551884,1.7159329578687148,1.5936050188027489,0.40172086473353497,327.3917992633113,2.2349184563676996,1.4308807742925336,6.243636039371134,0.08303120555352518,18.07304896829132,0.0,1.0896054555689978
2023-04-27,1.7063216893145567,1.555469491779521,0.4,330.44,2.132397191574724,1.352941176470588,5.85,0.08,17.17,0.0,1.092972298922241,1.715017598958795,1.5899730638481557,0.4015569728541507,327.6821040953769,2.225154526387416,1.4234579554523483,6.20614689276436,0.08274251931033232,17.987044304644527,0.0,1.0899261073169257
2023-04-28,1.774408596067518,1.5911748538303931,0.41,331.51,2.2407221664994985,1.3823529411764703,5.97,0.08,17.73,0.0,1.1095929455776252,1.7206738843977212,1.5900875200369402,0.40236107067756494,328.04666561010293,2.226637158779043,1.419543192187979,6.1836567125010875,0.08248132699506258,17.962563894678382,0.0,1.0917991395322304
2023-04-29,1.7657705207700785,1.5778238635417188,0.41,324.48,2.3440320962888666,1.4117647058823528,5.95,0.08,17.56,0.0,1.1095929455776252,1.7249688021474696,1.588919552751681,0.40308858775589207,327.7069831710455,2.237817629018074,1.4188023839683956,6.161403692262889,0.08224501013838996,17.92422447613758,0.0,1.0934937877270299
2023-04-30,1.7584251777055446,1.5868522312727997,0.4,321.77,2.3199598796389167,1.4117647058823528,6.03,0.08,17.47,0.0,1.1095929455776252,1.728155123629191,1.5887226649917876,0.4027944365410452,327.1415562023745,2.2456407005057732,1.4181321289125821,6.148889054904519,0.08203119964901949,17.880965002219714,0.0,1.095027040855658
2023-05-01,1.7670987610112439,1.5702946712641381,0.4,337.62,2.3069207622868606,1.3823529411764703,5.91,0.08,17.2,0.0,1.1168611383272469,1.7318640414751008,1.5869676179701067,0.4025282997276123,328.1395032307198,2.251476896865877,1.4147245872234286,6.126137716342184,0.08183775206339859,17.816111192484506,0.0,1.097106478710095
2023-05-02,1.6926787903444698,1.5264354604967267,0.39,328.97,2.2076228686058172,1.3823529411764703,5.67,0.08,16.67,0.0,1.10271666518215,1.728132112795993,1.5812026505916896,0.4013351283249825,328.21859816112743,2.247300322745871,1.4116415733141945,6.082696029071499,0.08166272805736063,17.706957745581217,0.0,1.097640782183624
2023-05-03,1.7245090115112147,1.5581680075958222,0.39,322.21,2.2326980942828487,1.3823529411764703,5.72,0.08,16.86,0.0,1.0999198361093792,1.7277870555307762,1.5790088750682738,0.4002555922940318,327.6463507172105,2.245909634320821,1.4088521797772684,6.048153550112309,0.08150437300427868,17.626295103144912,0.0,1.0978578349384578
2023-05-04,1.7446059423554567,1.585569603384805,0.39,326.01,2.228686058174523,1.352941176470588,5.78,0.08,17.21,0.0,1.0883584216620648,1.7293888542759839,1.579633706336515,0.3992788692184097,327.4905077917619,2.244269293735459,1.4035273223194893,6.022615116768279,0.08136109938482357,17.586647950464446,0.0,1.0969531289121346
2023-05-05,1.7360683727763109,1.5636399980010993,0.39,323.82,2.1805416248746234,1.352941176470588,5.67,0.08,16.92,0.0,1.0751224726106707,1.7300249988950627,1.5781104960188563,0.398395167388085,327.1409356211179,2.238199991939189,1.3987095941434036,5.989032724695109,0.08123147087198324,17.52315766946783,0.0,1.0948740187881856
2023-05-06,1.7766233328538747,1.6604284310296002,0.39,326.82,2.288866599799398,1.3823529411764703,5.85,0.08,17.38,0.0,1.0751224726106707,1.7344629354625685,1.5859502993532129,0.3975956276368388,327.1103703238686,2.243025383163971,1.3971518176703623,5.975791512819384,0.08111418793179435,17.50952360570899,0.0,1.0929929191522318
2023-05-07,1.7385527296931806,1.5828044575483484,0.38,322.7,2.2056168505516545,1.352941176470588,5.65,0.08,16.63,0.0,1.0751224726106707,1.7348524396750078,1.5856506953717973,0.39591985357618753,326.69033505492877,2.239462665772322,1.392941280413241,5.9447637496937284,0.081008074795433,17.425759452784323,0.0,1.0912909718625594
2023-05-08,1.721924148876051,1.5784901637432744,0.38,322.31,2.206619859578736,1.3235294117647058,5.66,0.08,16.49,0.0,1.0844036697247705,1.733621173884631,1.5849687399786045,0.394403677045122,326.2731602877927,2.2363347794681707,1.3863306262562378,5.91764339258004,0.08091206767205843,17.336639504900102,0.0,1.0906350383256271
2023-05-09,1.6668759031221165,1.540227874668932,0.37,313.94,2.0722166499498496,1.2647058823529411,5.37,0.07,15.42,0.0,1.0834773314331523,1.7272644814310583,1.5807077051872072,0.39207951732653895,325.09857359371716,2.2207044814188066,1.3747473173130667,5.865486879000988,0.07987282313186239,17.154102409195332,0.0,1.0899533519549152
2023-05-10,1.6614973426167716,1.5375376876051503,0.36,312.13,2.0722166499498496,1.2647058823529411,5.32,0.07,15.32,0.0,1.082533178943618,1.7210009444011263,1.576596274941297,0.3890243252002019,323.8634713466965,2.206562783183668,1.3642671806501976,5.813535747667561,0.07893255426216121,16.979425989271967,0.0,1.089246668810982
2023-05-11,1.6634436629339122,1.5348808155514464,0.37,314.58,2.104312938816449,1.2647058823529411,5.48,0.07,15.56,0.0,1.0887147056203794,1.7155192985471057,1.5726233740470255,0.38721248470494457,322.97933121843965,2.196824702767742,1.354785152240935,5.781770438365888,0.07808183480862205,16.844242561722258,0.0,1.0891960056499723
2023-05-12,1.626433485375816,1.4975680042643211,0.36,307.79,2.0310932798395185,1.2352941176470587,5.29,0.07,14.98,0.0,1.0978712033490692,1.7070349353879353,1.5654752435915298,0.38462081949494986,321.53272824525493,2.181040757726959,1.343405053708185,5.734935158521519,0.07731213625541995,16.666695651082044,0.0,1.0900222149546483
2023-05-13,1.612165284361972,1.5064131394399747,0.37,308.6,2.0982948846539617,1.2647058823529411,5.35,0.07,15.2,0.0,1.0978712033490692,1.6979997305283199,1.5598502812913817,0.38322836049543085,320.30103984094495,2.1731601983866735,1.3359098945314951,5.698274667233755,0.07661574232633234,16.52701035097899,0.0,1.090769737658879
2023-05-14,1.6127935955589712,1.4968434027951292,0.37,311.04,2.096288866599799,1.2647058823529411,5.35,0.07,14.94,0.0,1.0978712033490692,1.689884860531239,1.5538496261965005,0.38196851663872317,319.4190360465692,2.165839119168876,1.3291285600382996,5.665105651306731,0.0759856716285864,16.37586650802861,0.0,1.0914460677246114
2023-05-15,1.6196352063707384,1.4983509070011494,0.37,311.9,2.1003009027081245,1.2647058823529411,5.35,0.07,15.02,0.0,1.0998307651198005,1.6831944172778581,1.5485640338921813,0.3808286579112257,318.70293737546734,2.1595973842678524,1.3229930669254084,5.635095589277518,0.07541560766395912,16.24673636440684,0.0,1.092244610333677
2023-05-16,1.6386518512009831,1.5158662735495476,0.37,313.94,2.1103309929789367,1.2647058823529411,5.33,0.07,15.11,0.0,1.0991360114010866,1.6789522681276796,1.545449961478597,0.37979735715777563,318.2493242920895,2.1549053470022415,1.3174419064899354,5.6060388664891825,0.07489983550548683,16.138475758272854,0.0,1.0929009342448588
2023-05-17,1.6263095082622319,1.5188812819615878,0.37,311.46,2.075225677031093,1.2941176470588234,5.3,0.07,14.9,0.0,1.1018081410884475,1.673938671950018,1.5429196110484058,0.3788642755237018,317.6027219785572,2.147316807004989,1.3152205484488773,5.576892307775927,0.07443318450496428,16.02052568605639,0.0,1.0937492396585338
2023-05-18,1.6484123406578128,1.516707477554012,0.38,313.95,2.112337011033099,1.3235294117647058,5.41,0.07,15.16,0.0,1.1126569876191326,1.6715075927793317,1.540423217382273,0.37897243975953976,317.2548436948851,2.143985397864809,1.3160118687646705,5.560997802273459,0.07401097645687245,15.938570858812925,0.0,1.0955499775595432
2023-05-19,1.6154910005253982,1.5011660253527226,0.37,309.5,2.041123370110331,1.352941176470588,5.34,0.07,14.7,0.0,1.1278168700454263,1.6661726792313378,1.5366844371889825,0.37811792168720265,316.5162871525151,2.1341890142691446,1.3195289456890436,5.53995039253313,0.07362897869907507,15.82061172940217,0.0,1.0986230149391512
2023-05-20,1.6179837830713462,1.5092782303066647,0.37,308.98,2.041123370110331,1.3823529411764703,5.37,0.07,14.68,0.0,1.1278168700454263,1.661583260549434,1.5340743222478093,0.37734478628842144,315.7985455189422,2.125325619587353,1.3255121833545127,5.523764640863308,0.07328336168011554,15.711982040887678,0.0,1.1014033820921298
2023-05-21,1.630587320511532,1.5149750970299667,0.37,310.47,2.033099297893681,1.3823529411764703,5.41,0.07,14.62,0.0,1.1278168700454263,1.65863126626011,1.5322553484175385,0.3766452828323813,315.2910649933287,2.116542160378432,1.3309255888613658,5.51292991316204,0.07297066056772358,15.607983751279328,0.0,1.103918952373396
2023-05-22,1.6113311470831977,1.5032815284926624,0.36,306.56,1.9689067201604813,1.352941176470588,5.27,0.07,14.32,0.0,1.121813485347822,1.654126493005166,1.5294959369961219,0.37506001780072595,314.45953499396404,2.102481642262436,1.3330223114908155,5.489793730956132,0.07268774051365468,15.485318632109868,0.0,1.1056231936090557
2023-05-23,1.6171002956793974,1.5145003581363583,0.37,309.26,1.9618856569709124,1.352941176470588,5.31,0.07,14.68,0.0,1.1230961075977555,1.65060018849795,1.5280677866285253,0.37457811134351393,313.9643411850151,2.089091548425148,1.3349193462507938,5.472670518484119,0.07243176522663995,15.408621619527976,0.0,1.1072872806555984
2023-05-24,1.6383599633364767,1.5443089634034615,0.37,313.46,2.0110330992978938,1.3823529411764703,5.4,0.07,14.71,0.0,1.12019239333749,1.6494344527682858,1.5296145653689954,0.37414210073936977,313.91630869120416,2.0816574104130288,1.3394368314818106,5.465749516723727,0.07220016853838852,15.342086227191977,0.0,1.108516339006255
2023-05-25,1.5851587358426862,1.4997917811870136,0.36,305.96,1.9267803410230693,1.3235294117647058,5.26,0.07,14.15,0.0,1.1267480181704819,1.6433129559182287,1.5267743002088066,0.372795234002287,313.1585650063276,2.0669072133282707,1.3379218391278007,5.4461543246548,0.07199062867758962,15.228554205554646,0.0,1.110252689402848
2023-05-26,1.5933833534846296,1.5040144587143736,0.36,304.69,1.9317953861584756,1.3235294117647058,5.24,0.07,14.09,0.0,1.1312015676494165,1.6385577556864572,1.5246066962569558,0.3715766402877835,312.35203500572493,2.0540394202644805,1.3365511317598868,5.426520579449582,0.07180104499400966,15.120120471692298,0.0,1.1122478206644257
2023-05-27,1.6079705247421607,1.523295520796895,0.36,307.15,1.942828485456369,1.3823529411764703,5.25,0.07,14.38,0.0,1.1312015676494165,1.6356446860727147,1.5244818224036167,0.3704741031175184,311.85660310041783,2.0434479026637082,1.3409132088471805,5.409709095692478,0.07162951689934208,15.049632807721602,0.0,1.114052939424901
2023-05-28,1.615809368938437,1.5244199023870204,0.37,307.45,2.0471414242728185,1.3823529411764703,5.33,0.07,14.53,0.0,1.1312015676494165,1.6337556082504028,1.5244759252591789,0.3704289504396595,311.4369266146638,2.0437996666264806,1.3448598500213986,5.402117753245576,0.07147432481369045,15.000143968890972,0.0,1.11568614211295
2023-05-29,1.6917646095894492,1.5939733146769275,0.38,314.34,2.088264794383149,1.4117647058823528,5.51,0.07,14.94,0.0,1.1468424334194351,1.6392802750445978,1.5310947242513453,0.37134047896921574,311.7134097942196,2.0480344406985442,1.3512317410557753,5.412392252936474,0.07133391292667232,14.994415971853737,0.0,1.118653407951663
2023-05-30,1.6706668343768072,1.5772241933603184,0.38,311.57,2.063189568706118,1.441176470588235,5.46,0.07,14.48,0.0,1.1515988242629376,1.642269471171475,1.5354880070236283,0.37216519525786185,311.69975171857965,2.049477786223075,1.3597979057731524,5.416926324085381,0.07120687360032257,14.945423974534332,0.0,1.121791066647975
2023-05-31,1.6679080426842368,1.5833624839671512,0.38,311.6,2.131394182547643,1.5294117647058822,5.44,0.07,14.44,0.0,1.149728333481785,1.644711239886976,1.5400474810182496,0.3729113671380655,311.6902515549054,2.0572793477777958,1.3759516066238886,5.4191238170296305,0.07109193325743471,14.897288357912014,0.0,1.1244517587273855
2023-06-01,1.6397158877874718,1.561382906068329,0.38,307.01,2.088264794383149,1.5294117647058822,5.32,0.07,14.13,0.0,1.1453994833882604,1.6442354920679756,1.5420794262611144,0.37358647502967834,311.24451331158104,2.0602303426925914,1.3905668597745546,5.409683453502999,0.0709879396138695,14.824213276206107,0.0,1.1264467801236593
2023-06-02,1.6143565497530385,1.550588842803125,0.37,304.98,2.057171514543631,1.5,5.21,0.07,14.12,0.0,1.1390932573260888,1.641389878514172,1.542889846884163,0.37324490597923277,310.64789299619235,2.0599390257260235,1.4009890636055493,5.390665981740808,0.07089385012683432,14.75714534513886,0.0,1.1276512065238906
2023-06-03,1.6398525033446738,1.5884680092615728,0.38,307.3,2.132397191574724,1.5588235294117647,5.28,0.07,14.49,0.0,1.1390932573260888,1.6412434618313627,1.54723062425344,0.3738882482669249,310.32904604417405,2.0668398034259,1.4160209174918554,5.38012636443216,0.07080872154332629,14.73170293131611,0.0,1.1287409256479095
2023-06-04,1.6289371008734366,1.5758666066996483,0.38,306.66,2.1213640922768304,1.5294117647058822,5.33,0.07,14.58,0.0,1.1390932573260888,1.6400714274544175,1.5499578606768885,0.3744703198605511,309.9796130875861,2.0720325928402743,1.4268200457979532,5.37535242496243,0.07073170044396189,14.717255033095528,0.0,1.1297268619982124
2023-06-05,1.6439274986654404,1.5767827694767877,0.38,305.57,2.19358074222668,1.588235294117647,5.33,0.07,14.81,0.0,1.1536118286274162,1.6404386723316577,1.5525126138959264,0.37499695606430816,309.55964993638736,2.083608607067551,1.4421929265903048,5.37103314639458,0.0706620146873941,14.72608788708643,0.0,1.1320016207248031
2023-06-06,1.5522789220250155,1.510569186947179,0.35,276.94,2.0140421263791373,1.5,5.08,0.07,13.91,0.0,1.141266589471809,1.632042505635787,1.5485180018055695,0.3726162935819931,306.4530166091124,2.0769832279543685,1.447698362153133,5.34331570388081,0.07059896566954704,14.648365231173438,0.0,1.1328839987007084
2023-06-07,1.6379796063666459,1.5685039894724566,0.35,281.47,2.046138415245737,1.5588235294117647,5.21,0.07,14.63,0.0,1.1417119444197024,1.6326079438006307,1.5504214292024159,0.37046236085989853,304.07368169395886,2.074045626744023,1.4582817114158597,5.330618970177875,0.07054192132006637,14.646616161537871,0.0,1.1337247554358507
2023-06-08,1.5855974703854183,1.5260939816434294,0.32,259.23,1.8706118355065193,1.5294117647058822,5.02,0.07,14.03,0.0,1.1384697603990381,1.6281307558563247,1.5481045294348932,0.36565642173038443,299.8028548659628,2.0546709799594987,1.4650560022053856,5.301036211113316,0.07049030976577433,14.587890812819978,0.0,1.13417666067044
2023-06-09,1.5953272664791762,1.537512701347592,0.32,262.17,1.8976930792377131,1.5588235294117647,5.02,0.07,13.93,0.0,1.1406074641489266,1.625006614010882,1.5470957839027693,0.36130819108939544,296.2187734501568,2.039720703700281,1.4739862428917072,5.274270857673953,0.07044361359760536,14.525234544932362,0.0,1.1347891181445815
2023-06-10,1.5930204496036042,1.5318324921293287,0.3,260.41,1.737211634904714,1.588235294117647,4.98,0.07,13.75,0.0,1.1406074641489266,1.6219603126387603,1.5456421370672035,0.35546931574754825,292.8084140739514,2.0109103161959414,1.4848671049132252,5.246245061705005,0.0704013646835477,14.451402683510233,0.0,1.1353432463354716
2023-06-11,1.556220912772471,1.4614212183299184,0.28,239.27,1.5757271815446339,1.5,4.53,0.06,11.69,0.0,1.1406074641489266,1.6156994174133994,1.5376210971874622,0.34828176186682935,287.7095174954798,1.9694643033720074,1.4863083330167275,5.178031246304529,0.06941075852320983,14.188411951747353,0.0,1.1358446004129434
2023-06-12,1.5597392147434066,1.4589642363366815,0.27,235.2,1.559679037111334,1.5294117647058822,4.52,0.06,11.56,0.0,1.1406074641489266,1.6103698743019714,1.530129967582626,0.34082635597475036,282.70861106733884,1.9304371351567053,1.490413421749028,5.115361603799335,0.06851449580671365,13.93808700396189,0.0,1.1362982064830371
2023-06-13,1.5593648760800602,1.4513684140389451,0.28,231.07,1.526579739217653,1.5588235294117647,4.53,0.06,11.53,0.0,1.145916095127817,1.6055122554236942,1.5226288672451327,0.3350333696914408,277.79064810854464,1.8919745260196528,1.49692867009786,5.05961287962797,0.06770359144416949,13.708745384536948,0.0,1.1372141958777782
2023-06-14,1.5570688921561604,1.4465294088251461,0.27,243.25,1.5045135406218655,1.5294117647058822,4.62,0.06,11.77,0.0,1.1501380600338469,1.6008986017791673,1.5153812997765626,0.3288397154351131,274.50106257439757,1.855073479791292,1.5000222981557667,5.017744986330069,0.0669699160685343,13.524102966962001,0.0,1.138445040083118
2023-06-15,1.51106134640349,1.3748105208801826,0.26,237.51,1.4553660982948846,1.4117647058823528,4.57,0.06,11.37,0.0,1.1409993765030728,1.5923426726957697,1.501993606548336,0.32228355206034043,270.97810423397874,1.8170061101249675,1.4916168131773464,4.975102606679586,0.0663061145381977,13.31895030344181,0.0,1.1386883102183518
2023-06-16,1.5385559795786823,1.3867206369829925,0.26,236.1,1.4784353059177533,1.4117647058823528,4.37,0.06,11.4,0.0,1.1438140197737596,1.5872201304941425,1.4910152284944937,0.3163517851974509,267.65638002121887,1.7847612716290424,1.4840118505778233,4.917473786995815,0.06570553220122649,13.136193131685447,0.0,1.1391764730331524
2023-06-17,1.5844594086291681,1.4295304249329535,0.26,239.04,1.5356068204613842,1.4117647058823528,4.42,0.06,11.53,0.0,1.1438140197737596,1.5869572046022402,1.4851595329172043,0.3109849485119794,264.9310104953885,1.7610322762797417,1.4771311701306356,4.870095331091451,0.06516214818206206,12.983222357239214,0.0,1.1396181441513054
2023-06-18,1.5949138088236798,1.4378508486998816,0.27,244.43,1.5677031093279838,1.4117647058823528,4.52,0.06,11.61,0.0,1.1438140197737596,1.5877149764328535,1.4806539439441257,0.307081620082267,262.97853330535145,1.7426199746652886,1.47090579258318,4.8367529186065505,0.06467051502186567,12.852439275597384,0.0,1.1400177513534437
2023-06-19,1.5848060630826848,1.4319374344110738,0.26,244.0,1.547642928786359,1.441176470588235,4.53,0.06,11.33,0.0,1.1403936937739376,1.5874379370661709,1.4760142763695494,0.30259765626490825,261.171053942937,1.7240507322006287,1.4680744285836616,4.807538354929736,0.06422570406740227,12.707445058873823,0.0,1.1400535553934907
2023-06-20,1.611665764923745,1.4448636583212564,0.26,242.74,1.6088264794383147,1.441176470588235,4.52,0.06,11.44,0.0,1.1485169680235148,1.5897453492430826,1.4730475508411405,0.2985407366206313,259.4157154721811,1.713076993842313,1.465512718298383,4.780153749698332,0.063823256060983,12.586736005647746,0.0,1.1408595946915883
2023-06-21,1.7050397900333232,1.4910049472789966,0.27,247.32,1.6680040120361082,1.441176470588235,4.67,0.06,12.1,0.0,1.1481606840651999,1.6007257721754866,1.4747577790733173,0.2958225712281902,258.2637425700686,1.7087843289083886,1.4631949804212259,4.769662916393729,0.06345913643612748,12.540380195586055,0.0,1.1415549365366942
2023-06-22,1.8116161740783112,1.5765495644062433,0.29,249.36,1.7311935807422267,1.4705882352941175,4.83,0.07,12.93,0.0,1.1435468068050234,1.620810572356708,1.4844522348193103,0.2952680406350292,257.4157670872049,1.710918543368754,1.4638990999329298,4.775409305308612,0.06408207582316296,12.577486843625477,0.0,1.1417446384670111
2023-06-23,1.8016179615153374,1.560958139689837,0.29,240.92,1.6700100300902705,1.4705882352941175,4.83,0.07,12.67,0.0,1.1559276743564622,1.6380303237051488,1.4917385114736461,0.2947663224793121,255.84474165032825,1.707022494485089,1.464536160443519,4.780608419088744,0.06464568764952838,12.586297620423052,0.0,1.143095403789816
2023-06-24,1.8433615371236225,1.5752586077657287,0.3,244.3,1.715145436308927,1.4705882352941175,5.1,0.07,13.27,0.0,1.1559276743564622,1.6575856773640512,1.4996928063586066,0.29526476795747286,254.7452424455351,1.7077961079921211,1.4651125485245284,4.811026664889816,0.0651556221590971,12.651412132763713,0.0,1.1443175247961632
2023-06-25,1.8378596013353417,1.5616910699115485,0.29,236.51,1.6680040120361082,1.441176470588235,5.01,0.07,13.02,0.0,1.1559276743564622,1.674754622504174,1.5055974028874581,0.29476336148533255,253.00855268881747,1.704006384567739,1.4628329220544052,4.829976506328881,0.06561699147727833,12.68651573916717,0.0,1.1454232533257154
2023-06-26,1.8328607959691787,1.581755034730898,0.29,238.74,1.7011033099297894,1.441176470588235,5.19,0.07,13.43,0.0,1.1571924824084796,1.689812353310365,1.5128505106820715,0.29430970801053896,251.6496429089301,1.7037299012688867,1.4607704028671509,4.864264458107083,0.06603442086039467,12.757323764008392,0.0,1.1465441322859786
2023-06-27,1.8226748122438832,1.5489813935668715,0.28,236.17,1.6328986960882648,1.4117647058823528,5.02,0.06,13.15,0.0,1.1485882248151775,1.702465920827843,1.5162915471472906,0.29294687867620195,250.17539120331773,1.6969840722040657,1.4561031936305033,4.8790964144778375,0.06545971411178565,12.794721500769498,0.0,1.1467388077649499
2023-06-28,1.8472319100239105,1.5741425549281227,0.29,237.5,1.6649949849548646,1.4117647058823528,5.09,0.07,13.21,0.0,1.168611383272468,1.7162531578941351,1.5218011669359413,0.2926662235641827,248.96821108871603,1.6939374924660466,1.4518804805116319,4.899182470241852,0.06589212229161559,12.834271834029547,0.0,1.1488219101942374
2023-06-29,1.8105160276529144,1.5228790831709227,0.27,230.5,1.6048144433299898,1.352941176470588,4.88,0.06,12.34,0.0,1.1753807784804489,1.725230574061638,1.521903825624987,0.2905075356056891,247.20933384217167,1.6854495830245173,1.44245768965058,4.897355568314056,0.0653309677876522,12.787198326026733,0.0,1.1513513262214958
2023-06-30,1.8335739652876117,1.5436926357170222,0.28,233.41,1.8054162487462386,1.3823529411764703,4.99,0.06,12.68,0.0,1.17938897301149,1.7355489922736353,1.5239789503956571,0.28950681792895683,245.89511157148866,1.6968749797599194,1.436733427891141,4.906178847522241,0.06482325656978055,12.776988961643234,0.0,1.1540215782967334
2023-07-01,1.8344267593164887,1.61082238102377,0.29,240.52,1.8986960882647943,1.3823529411764703,5.17,0.07,13.02,0.0,1.17938897301149,1.7449659224681928,1.5322497533126203,0.28955378765000855,245.38319618372782,1.7160960377127648,1.4315543339183152,4.931304671567743,0.06531627975361097,12.800132870058164,0.0,1.1564375206505197
2023-07-02,1.8406159857053181,1.6029267236353337,0.29,247.35,1.8665997993981944,1.3823529411764703,5.35,0.07,12.99,0.0,1.17938897301149,1.7540754523003002,1.5389808933433549,0.28959628406429344,245.5705108328966,1.7304297293018531,1.4268684869905204,4.97118041713272,0.06576234834850517,12.818215453862148,0.0,1.1586233732563265
2023-07-03,1.8399100383546672,1.6107474222510951,0.29,245.63,1.950852557673019,1.4117647058823528,5.49,0.07,13.09,0.0,1.183753451500846,1.7622501747816683,1.5458158008583776,0.2896347332010274,245.57617646785883,1.7514223796229165,1.4254300316468853,5.020591805977223,0.0661659342200761,12.844099696351467,0.0,1.1610167140415188
2023-07-04,1.873782270911659,1.6272550097446403,0.3,246.03,1.9267803410230693,1.441176470588235,5.41,0.07,13.21,0.0,1.1879754164068763,1.772872279175001,1.5535719159904027,0.2906219014675962,245.61939775663419,1.7681231378515025,1.4269296924984425,5.057678300646058,0.06653108334197362,12.878947344317995,0.0,1.1635842095048863
2023-07-05,1.852171134155875,1.6132793630170073,0.29,242.48,1.9277833500501502,1.441176470588235,5.35,0.07,13.03,0.0,1.1813663489801371,1.7804245510779415,1.559258339516746,0.2905626727563965,245.3204074940976,1.7833288723466119,1.4282865285069941,5.085518462489291,0.06686145635702374,12.893333311525804,0.0,1.1652777465977673
2023-07-06,1.8346680934065238,1.5912164975929903,0.28,238.86,1.9027081243731192,1.4117647058823528,5.2,0.07,12.67,0.0,1.1812772779905585,1.7855906027282828,1.5623019736192456,0.28955670392245403,244.70513058989783,1.7946983249205648,1.4267130215903616,5.09642146606174,0.06716036527540244,12.87206347233287,0.0,1.166801511492319
2023-07-07,1.8048937257349404,1.5453750437259506,0.28,232.5,1.9979939819458377,1.352941176470588,5.03,0.07,12.41,0.0,1.1790683174490069,1.7874289953955835,1.5606898850579793,0.28864654164412507,243.54273720038375,1.814059816065829,1.4196871315789545,5.090095612151098,0.06743080667774506,12.828057427348789,0.0,1.1679697787262893
2023-07-08,1.8244658602537196,1.5569103659653856,0.28,235.34,2.1504513540621866,1.3823529411764703,5.11,0.07,12.74,0.0,1.1790683174490069,1.790956315858263,1.5603299308586847,0.2878230614875417,242.76152413368052,1.8460971053988153,1.4161314943977656,5.091991268136707,0.06767549175605506,12.819671005696522,0.0,1.1690267824141671
2023-07-09,1.8213923111320012,1.5532040710942314,0.29,236.16,2.1965897693079235,1.3823529411764703,5.12,0.07,13.65,0.0,1.1790683174490069,1.7938549820748095,1.5596512775477844,0.28803038896491867,242.13280754952046,1.8794773591044447,1.4129144893290708,5.094658766409402,0.06789687349357362,12.89874995753495,0.0,1.1699831190841519
2023-07-10,1.8157152426250165,1.5549114653607183,0.28,234.14,2.141424272818455,1.3823529411764703,5.08,0.07,13.6,0.0,1.1683085419079007,1.7959369116510198,1.559199866863302,0.2872655900158788,241.37158778289947,1.9044246842200647,1.4100038656954899,5.09326269341803,0.06809717125609042,12.965535675864956,0.0,1.1698236355435565
2023-07-11,1.8292209242072535,1.561865973714457,0.29,245.44,2.136409227683049,1.4117647058823528,5.13,0.07,13.38,0.0,1.1739022000534427,1.7991068176087563,1.5594537818015073,0.2875260100143665,241.75905561309952,1.9265184502641584,1.4101715647609054,5.096761484521075,0.06827839304122467,13.005008468639723,0.0,1.1702120702587837
2023-07-12,1.8428541938869654,1.5623656988656238,0.29,248.4,2.2136409227683047,1.4117647058823528,5.21,0.07,13.26,0.0,1.1737418722722008,1.8032732343971571,1.559731107236185,0.28776162810823636,242.39152650709002,1.9538634476455057,1.4103232924867575,5.107546105042877,0.06844235560872708,13.02929337638832,0.0,1.1705482418791093
2023-07-13,1.8300117296793383,1.5604001132710341,0.29,244.27,2.206619859578736,1.3823529411764703,5.15,0.07,13.04,0.0,1.1685223122828894,1.8058197577573647,1.5597948220966469,0.2879748063836424,242.57042874451002,1.977935486877242,1.4076594495048254,5.111589333134032,0.06859070269361021,13.030313054827527,0.0,1.170355296203279
2023-07-14,1.8925172589984212,1.6684573484583478,0.36,255.79,2.606820461384152,2.3823529411764706,5.54,0.07,14.07,0.0,1.1631424245123363,1.8140766626374654,1.5701436341310946,0.2948343486328193,243.82943553074716,2.037829293973138,1.500487401092601,5.152390349026029,0.06872492148469496,13.129330859129666,0.0,1.169668356042237
2023-07-15,1.8242588305106473,1.6123965152499458,0.33,247.7,2.679037111334002,2.117647058823529,5.45,0.07,14.62,0.0,1.1631424245123363,1.8150463929111018,1.5741677180471756,0.2981834582868365,244.19806071829504,2.0988967051503633,1.5592645113526895,5.1807341253092645,0.06884635753377162,13.271299348736365,0.0,1.169046838753675
2023-07-16,1.8234246932318727,1.6086069328535972,0.33,251.09,2.7432296890672014,2.0882352941176467,5.43,0.07,14.83,0.0,1.1631424245123363,1.8158443262749848,1.5774476432668347,0.3012136051166616,244.85443588798123,2.160261751237681,1.6096426811398283,5.2044737324226675,0.06895622824484099,13.419747029809091,0.0,1.1684845135878332
2023-07-17,1.8197751921795717,1.6016524244998582,0.31,242.75,2.745235707121364,2.205882352941176,5.31,0.07,14.3,0.0,1.1730471185534872,1.816218694456374,1.5797528605271227,0.3020504046293605,244.6540134224592,2.2159735565599368,1.6664274117875757,5.214523853144318,0.06905563507866566,13.503580646017749,0.0,1.168919047394086
2023-07-18,1.8143906133677419,1.5925574267486213,0.31,244.2,2.6940822467402206,2.176470588235294,5.3,0.07,14.43,0.0,1.1772868976574329,1.8160445914955519,1.5809723430244083,0.3028075089503738,244.61077404889167,2.2615077175294873,1.7150029524016441,5.2226644385591445,0.06914557459498322,13.591811060682724,0.0,1.1697159855144048
2023-07-19,1.7963459250347706,1.5801309279896056,0.31,240.27,2.560682046138415,2.2941176470588234,5.18,0.07,13.79,0.0,1.1916985837712657,1.8141685280230966,1.580892208259189,0.3034925080979572,244.19736699661627,2.2900005107303376,1.7701567328451848,5.2186011586963685,0.06922694844308006,13.61068619776056,0.0,1.1718095663007724
2023-07-20,1.800669476413354,1.5734845834790865,0.32,241.33,2.6429287863590774,2.411764705882353,5.2,0.07,14.0,0.0,1.1873162910839938,1.8128829040602639,1.5801867201848936,0.305064650183866,243.92428442550997,2.3236127274568843,1.8312622540868198,5.216829619772905,0.06930057240088196,13.647763702735745,0.0,1.1732863972325076
2023-07-21,1.7926753599097736,1.5749754301800676,0.32,242.62,2.5416248746238717,2.3235294117647056,5.35,0.07,13.85,0.0,1.1915204417921084,1.8109583760459316,1.5796904068511006,0.3064870644520693,243.80006686117568,2.3443757890918357,1.8781448405323327,5.229512513127866,0.06936718455317892,13.667024302475198,0.0,1.1750229729048505
2023-07-22,1.8003571263068,1.5753585527959622,0.31,243.77,2.5667001003009027,2.264705882352941,5.49,0.07,13.99,0.0,1.1915204417921084,1.8099487332136335,1.5792778493220399,0.3068216297423484,243.7972033505875,2.365549533016509,1.914960177848581,5.254320845210927,0.0694274526909714,13.697783892715655,0.0,1.1765941604179226
2023-07-23,1.7880484858843628,1.5477404094414737,0.31,240.54,2.453360080240722,2.1470588235294117,5.3,0.07,13.46,0.0,1.1915204417921084,1.8078629953727507,1.5762742836191288,0.30712433167164854,243.4869935076744,2.373912442275958,1.9370648107705648,5.258671240905124,0.069481981006117,13.675137807695117,0.0,1.1780157110249878
2023-07-24,1.8089801558380278,1.5723268868788831,0.32,242.38,2.4844533600802405,2.176470588235294,5.4,0.07,13.55,0.0,1.1959918054689587,1.807969391607539,1.5758983410724388,0.3083505857981582,243.38156555456257,2.3844401487335087,1.959865361005301,5.272131122723684,0.06953131614839157,13.663219921247965,0.0,1.1797277200196516
2023-07-25,1.7564367292430114,1.5411773524561492,0.31,238.97,2.349047141424273,2.0588235294117645,5.22,0.07,13.11,0.0,1.1962233900418633,1.8030615190013934,1.5725915802518398,0.3085076728650003,242.96141645412803,2.381069386132629,1.9692899484725832,5.2671662538928565,0.06957595270568762,13.61053230970054,0.0,1.1812987362122431
2023-07-26,1.7587278985217234,1.547149068012593,0.3,237.73,2.334002006018054,2.0882352941176467,5.18,0.08,13.34,0.0,1.1994299456666961,1.798839269431901,1.570168483848102,0.3076974183064289,242.46318631563963,2.3765867785026695,1.9806180766292558,5.25886470590306,0.07056871911466975,13.584767327824297,0.0,1.1830255180650482
2023-07-27,1.767195655745647,1.5587510202721835,0.31,239.02,2.5225677031093277,2.117647058823529,5.24,0.08,13.26,0.0,1.1978444820521954,1.7958255919379722,1.5690811063646812,0.3079167118010547,242.13526380938825,2.3904897237033036,1.9936684558858533,5.257068067245626,0.07146693634184406,13.553837106126746,0.0,1.184436847968586
2023-07-28,1.757359937457759,1.5481318608098877,0.31,240.42,2.51654964894684,2.0882352941176467,5.23,0.08,13.14,0.0,1.2137525607909503,1.79216219627319,1.5670859401213675,0.3081151202009542,241.97190535135127,2.402495430869355,2.0026748214317385,5.254490156079376,0.07227960907119226,13.51442404840039,0.0,1.187228820618335
2023-07-29,1.7642123812211985,1.561382906068329,0.31,241.86,2.490471414242728,2.0882352941176467,5.22,0.08,13.24,0.0,1.2137525607909503,1.7895003091253814,1.566542794021078,0.30829463256276807,241.96124769884162,2.410874095952533,2.0108234378780154,5.251205379309912,0.07301488439774538,13.488288424743208,0.0,1.189754891110965
2023-07-30,1.7667791889369082,1.5665717188879449,0.31,242.56,2.5245737211634904,2.0882352941176467,5.25,0.08,13.25,0.0,1.2137525607909503,1.7873363929169555,1.5665455487703035,0.3084570485091711,242.01827172752337,2.42170263168691,2.018195995615123,5.251090581280397,0.07368013350272201,13.465594289053378,0.0,1.1920403834614397
2023-07-31,1.7620253286446712,1.550705445338397,0.32,242.54,2.4343029087261785,2.0588235294117645,5.19,0.08,13.13,0.0,1.216709717644963,1.784925815367214,1.5650369674910742,0.3095563772225834,242.0679601344259,2.4229026580716027,2.0220652845481366,5.245272430682264,0.07428202555008183,13.433632928191152,0.0,1.1943898438598703
2023-08-01,1.7593399602912136,1.5468825479319706,0.31,241.19,2.3831494483450353,2.0588235294117645,5.11,0.08,12.83,0.0,1.2239066536029215,1.7824890672647378,1.563307975152112,0.3095986270109088,241.9843448835282,2.419116638097644,2.025566069773244,5.232389342045858,0.07482659454531214,13.376144077887233,0.0,1.1972009685973037
2023-08-02,1.77763380651265,1.5572685023237218,0.31,247.43,2.400200601805416,2.0882352941176467,5.19,0.08,12.84,0.0,1.2300525518838514,1.7820266614788247,1.562732787263694,0.3096368530098698,242.50297870414454,2.4173151108317175,2.031534567329854,5.228352261851015,0.07531929982671098,13.325082737136068,0.0,1.2003296908150702
2023-08-03,1.7541341251819784,1.530833041826995,0.3,240.38,2.3199598796389167,2.0,5.05,0.07,12.52,0.0,1.2273982363944063,1.7793702294505536,1.5596947162697226,0.3087190574851203,242.30079025613077,2.4080431840514507,2.028531275203201,5.211366332150918,0.0748126998432147,13.248408190742158,0.0,1.2029076475369118
2023-08-04,1.7559101274256033,1.5289090999950026,0.29,241.14,2.2718154463390166,1.9411764705882353,4.98,0.07,12.44,0.0,1.2226240313529884,1.777135934019606,1.5567627528149872,0.306936290105585,242.19023880316593,2.3950691137931237,2.020211770001776,5.18933144337464,0.07435434747719426,13.171416934481,0.0,1.2047853983765382
2023-08-05,1.75060137927548,1.5228790831709227,0.29,241.49,2.2878635907723166,1.8823529411764706,4.99,0.07,12.4,0.0,1.2226240313529884,1.7746088335677843,1.5535357366584095,0.30532331009552927,242.1235493933406,2.3848590639816183,2.007082357732699,5.170347496386579,0.07393964771746148,13.097948655006618,0.0,1.2064843158028669
2023-08-06,1.7481254479876889,1.5283843885862773,0.29,242.88,2.269809428284854,1.852941176470588,4.97,0.08,12.43,0.0,1.2226240313529884,1.77208660636968,1.5511403701753492,0.3038639472292884,242.19559230826053,2.3739019558200214,1.9924022452315457,5.151266782445001,0.07451682412532229,13.03433449738694,0.0,1.2080214315695452
2023-08-07,1.7479689720190876,1.5214215514800193,0.29,242.57,2.32296890672016,1.8235294117647058,4.99,0.07,12.56,0.0,1.2157121225616818,1.7697896888124809,1.5483100064900797,0.3025435713026895,242.2312501836643,2.369051189239082,1.976319118234704,5.135908041259762,0.07408665039910112,12.98915978335009,0.0,1.208753878330701
2023-08-08,1.7560304935552964,1.5216047840354472,0.29,241.74,2.311935807422267,1.8235294117647058,4.96,0.07,12.45,0.0,1.225438674623675,1.7684792892641776,1.545766651970591,0.3013489454643381,242.18446445188673,2.363611629066052,1.9617677176185138,5.119154894473118,0.07369744559918673,12.937811232554843,0.0,1.2103429065490794
2023-08-09,1.7922251905847206,1.5465160828211149,0.3,245.18,2.4272818455366094,1.8823529411764706,5.06,0.08,12.69,0.0,1.2215195510822126,1.770740803675658,1.5458380263373075,0.3012204744677345,242.46975355170704,2.369675459206105,1.9542044055764145,5.113521094999487,0.07429768887545467,12.914210162787715,0.0,1.2114073488855683
2023-08-10,1.7805454631899311,1.5457248513317674,0.3,244.01,2.445336008024072,1.8823529411764706,5.06,0.08,12.63,0.0,1.2187761646031887,1.7716745807722556,1.5458272477653514,0.3011042388041407,242.6164436896397,2.3768812257601972,1.947361408966896,5.108423847856678,0.07484076612541136,12.887142528236504,0.0,1.212109140858675
2023-08-11,1.770815667096173,1.5415521463195243,0.3,241.23,2.469408224674022,1.852941176470588,5.0,0.08,12.47,0.0,1.21964906030106,1.7715927794697717,1.5454200952467012,0.30099907320374636,242.48440143348355,2.3856933208948474,1.9383690058720096,5.098097767108423,0.07533212173251505,12.847414668404456,0.0,1.2128272284246164
2023-08-12,1.7691925298372588,1.5387703429780286,0.29,239.6,2.465396188565697,1.852941176470588,5.0,0.08,12.44,0.0,1.21964906030106,1.7713641842666752,1.5447867855068276,0.29995154242243716,242.20969653505654,2.393284070196833,1.9302330221194932,5.088755122621906,0.07577668156751362,12.808613271413556,0.0,1.2134769266985634
2023-08-13,1.7701127288987641,1.5395782319724152,0.29,240.09,2.4964894684052155,1.852941176470588,5.03,0.08,12.39,0.0,1.21964906030106,1.7712449980411598,1.5442907327892645,0.29900377647744314,242.00782067457496,2.4031131557404883,1.9228718939624547,5.083159396657916,0.07617890237060757,12.768745340802742,0.0,1.2140647489464202
2023-08-14,1.7624592485422157,1.5320823547049123,0.29,240.03,2.429287863590772,1.852941176470588,4.98,0.07,12.26,0.0,1.2242273091654048,1.7704082599936415,1.5431280301145645,0.29814627395578186,241.81945680080594,2.405605985059563,1.9162118256298961,5.0733346922143046,0.07559043547816875,12.720293403583433,0.0,1.2150326118244188
2023-08-15,1.7694176144997853,1.5354138557126913,0.29,240.36,2.5225677031093277,1.852941176470588,4.99,0.07,12.35,0.0,1.2288233722276654,1.7703139128037504,1.5423933468381956,0.29737043834094545,241.6804609150149,2.4167451963023976,1.9101860495194858,5.065398054860561,0.07505801305167649,12.685027365146915,0.0,1.216346017577109
2023-08-16,1.755569491278571,1.5215881265304083,0.28,236.61,2.3951855566700098,1.7941176470588234,4.81,0.07,11.8,0.0,1.2235681838425225,1.7689096821823047,1.5404118972850729,0.295716110879903,241.19755987548967,2.414691897289789,1.8991319159518036,5.041074430588126,0.0745762975229454,12.600739044656732,0.0,1.2170338429357197
2023-08-17,1.730515883213559,1.507054453383972,0.27,232.1,2.2918756268806417,1.7352941176470587,4.66,0.07,11.37,0.0,1.227291351206912,1.765253129899567,1.5372349978659203,0.2932669574627694,240.33112560163352,2.402995109631775,1.8835283161132566,5.004781627674971,0.07414045966361726,12.48352580230847,0.0,1.218010748485357
2023-08-18,1.5949469095093454,1.3957823197241515,0.25,217.8,2.1715145436308925,1.4705882352941175,4.42,0.06,10.54,0.0,1.2140197737596865,1.749033489862403,1.523763314233371,0.2891462948472675,238.18530411576364,2.3809493414412146,1.8442006893685765,4.9490881393249735,0.07279374921946324,12.29842810685052,0.0,1.217630655654341
2023-08-19,1.5673379285109446,1.3831392733996302,0.26,215.97,2.1394182547642924,1.5,4.51,0.06,10.8,0.0,1.2140197737596865,1.7317291506860735,1.5103705484396814,0.28637045724276583,236.0695608666433,2.357946380805317,1.811419671333474,4.907270221294024,0.0715752969128477,12.155720668102852,0.0,1.2172867621405645
2023-08-20,1.5710656675475458,1.390260356803758,0.27,217.08,2.194583751253761,1.5294117647058822,4.52,0.06,10.81,0.0,1.2140197737596865,1.7164278665776422,1.4989314825695934,0.2848113660767881,234.2610312602963,2.3423880351337405,1.7845617754641796,4.870387343075545,0.07047288768305268,12.027556794950199,0.0,1.2169756203900048
2023-08-21,1.5744311045337707,1.4012792963869871,0.27,216.24,2.181544633901705,1.588235294117647,4.51,0.06,10.86,0.0,1.2140197737596865,1.7029043654306069,1.4896312743617262,0.2834007597837606,232.54474256883952,2.327069615968785,1.7658640153359384,4.836064738973112,0.06947546980847624,11.916360909716847,0.0,1.2166941111871175
2023-08-22,1.5719220725603138,1.3882697849516097,0.26,210.59,2.1263791374122367,1.5294117647058822,4.43,0.06,10.36,0.0,1.2140197737596865,1.6904298613477218,1.4799777991798104,0.28117211599483105,230.4538147051405,2.3079562370586375,1.743344753371171,4.797391906689959,0.06857304411243088,11.768136061172385,0.0,1.216439412384505
2023-08-23,1.566786651636949,1.361909283227558,0.26,210.84,2.061183550651956,1.5294117647058822,4.42,0.06,10.12,0.0,1.2140197737596865,1.6786543175657433,1.4687331786129292,0.27915572399532335,228.58583235226996,2.284454076448477,1.7229701830220958,4.761449820338534,0.0677565637207708,11.61117072201311,0.0,1.2162089706107129
2023-08-24,1.5918426670245551,1.3984974930454914,0.27,216.47,2.1735205616850553,1.5588235294117647,4.49,0.06,10.35,0.0,1.2140197737596865,1.6703865413237255,1.4620440657017446,0.278283750281483,227.43194355681567,2.273888979804342,1.7073371683925405,4.735597456496769,0.06701784336641167,11.491059224678528,0.0,1.21600047567252
2023-08-25,1.5728801869526725,1.3812403178251962,0.27,218.29,2.1093279839518555,1.5294117647058822,4.42,0.06,10.11,0.0,1.2140197737596865,1.6611002218598157,1.4543484706658827,0.2774948216832465,226.56128226569038,2.258216504008867,1.690391891850954,4.705540555878028,0.06634947733151532,11.359529774709145,0.0,1.2158118373951075
2023-08-26,1.5674101481887606,1.3771009278230306,0.26,218.18,2.0451354062186557,1.5588235294117647,4.48,0.06,10.06,0.0,1.2140197737596865,1.6521773577006675,1.4469915618237064,0.275828648189604,225.7630649070532,2.2379230661240848,1.6778615716186502,4.684060502937264,0.06574476520470433,11.235765034260655,0.0,1.2156411646679246
2023-08-27,1.5648812558039042,1.3708293771758866,0.26,216.14,2.033099297893681,1.5294117647058822,4.5,0.06,10.09,0.0,1.2140197737596865,1.643863443234309,1.4397380204286758,0.2743211578858322,224.84658253495292,2.2184160405783317,1.6637234947698152,4.666530931228953,0.0651976447090182,11.12664455480726,0.0,1.2154867464861878
2023-08-28,1.5697380291370289,1.3800159912048373,0.26,218.25,2.0842527582748245,1.5294117647058822,4.49,0.06,10.19,0.0,1.2140197737596865,1.636803879986949,1.4340502081216435,0.27295723808718153,224.2183365792431,2.205638585120855,1.650931901430393,4.6497184615881,0.06470263092720695,11.037440311492285,0.0,1.2153470347979498
